Country,HPI,Normalised_HPI,HDI
Costa Rica,62.05755177,0.620575518,0.819
Vanuatu,60.36387581,0.603638758,0.611
Colombia,60.1651675,0.601651675,0.768
Switzerland,60.10465034,0.601046503,0.962
Ecuador,58.83121306,0.588312131,0.760
Panama,57.93216985,0.579321699,0.817
Jamaica,57.90362846,0.579036285,0.719
Guatemala,57.87555297,0.57875553,0.642
Honduras,57.73411068,0.577341107,0.632
Uruguay,57.53003585,0.575300359,0.821
New Zealand,57.43448131,0.574344813,0.937
Philippines,57.10321898,0.57103219,0.718
El Salvador,56.32657529,0.563265753,0.683
United Kingdom,55.96785254,0.559678525,0.935
Peru,55.89352023,0.558935202,0.780
Nicaragua,55.19364394,0.551936439,0.664
Tajikistan,55.15297812,0.551529781,0.676
Netherlands,54.94941705,0.549494171,0.943
Dominican Republic,54.84726134,0.548472613,0.771
Armenia,54.73393391,0.547339339,0.778
Brazil,54.56892235,0.545689224,0.766
Bangladesh,54.46704074,0.544670407,0.644
Mexico,54.33059101,0.54330591,0.779
Uzbekistan,54.14126925,0.541412693,0.726
Kyrgyzstan,53.70421002,0.5370421,0.698
Serbia,53.21580638,0.532158064,0.811
Nepal,53.05560432,0.530556043,0.611
Thailand,52.90452836,0.529045284,0.804
Germany,52.73131728,0.527313173,0.948
Spain,52.3355153,0.523355153,0.908
France,51.81547019,0.518154702,0.905
Mauritius,51.52077767,0.515207777,0.817
Finland,51.2716938,0.512716938,0.939
Senegal,51.19518904,0.51195189,0.513
Ireland,51.14850813,0.511485081,0.942
Albania,51.03309375,0.510330938,0.810
Norway,50.87519275,0.508751928,0.961
Morocco,50.87309546,0.508730955,0.682
Italy,50.69761829,0.506976183,0.897
Sweden,50.50051612,0.505005161,0.947
"Palestine, State of",50.25928365,0.502592837,0.727
Argentina,49.98872592,0.499887259,0.852
Indonesia,49.59797812,0.495979781,0.716
Cyprus,49.4183661,0.494183661,0.897
Greece,48.81002762,0.488100276,0.889
Israel,48.24342147,0.482434215,0.921
Azerbaijan,48.03454046,0.480345405,0.761
Cambodia,47.96745103,0.47967451,0.598
Iceland,47.95688519,0.479568852,0.960
Slovenia,47.88454788,0.478845479,0.921
Bosnia and Herzegovina,47.78103944,0.477810394,0.783
Paraguay,47.60305593,0.476030559,0.732
Japan,47.06372618,0.470637262,0.924
Austria,46.81302886,0.468130289,0.919
Sri Lanka,46.79711602,0.46797116,0.778
Slovakia,46.57431406,0.465743141,0.862
Algeria,46.48894951,0.464889495,0.748
Portugal,46.26293284,0.462629328,0.867
Romania,46.21227471,0.462122747,0.832
Croatia,46.20843547,0.462084355,0.861
Liberia,46.0225342,0.460225342,0.484
Chile,45.64123987,0.456412399,0.861
Singapore,45.54925389,0.455492539,0.943
Hungary,45.44647998,0.4544648,0.853
Denmark,45.32635001,0.4532635,0.946
Iraq,45.27885667,0.452788567,0.696
Kenya,45.18295778,0.451829578,0.581
Pakistan,45.10544179,0.451054418,0.546
Poland,45.0226049,0.450226049,0.881
Uganda,44.76973343,0.447697334,0.525
Yemen,44.62843323,0.446284332,0.461
Georgia,44.2727762,0.442727762,0.810
Mozambique,44.18803798,0.44188038,0.456
Madagascar,44.1806548,0.441806548,0.510
Tunisia,43.92253442,0.439225344,0.745
North Macedonia,43.85874421,0.438587442,0.784
Jordan,43.85457626,0.438545763,0.727
Malta,43.5028292,0.435028292,0.915
Egypt,43.17843848,0.431784385,0.735
Australia,43.11437338,0.431143734,0.941
Belarus,42.88780952,0.428878095,0.817
Libya,42.68543403,0.42685434,0.722
Belgium,42.53497245,0.425349725,0.936
Comoros,42.43860389,0.424386039,0.560
China,41.88879499,0.41888795,0.762
Malaysia,41.74073777,0.417407378,0.810
Ethiopia,41.72822439,0.417282244,0.498
Saudi Arabia,41.61211706,0.416121171,0.873
Burkina Faso,41.53829397,0.41538294,0.452
Benin,41.37151967,0.413715197,0.530
Niger,41.35091295,0.41350913,0.406
Montenegro,41.33038029,0.413303803,0.837
Ukraine,40.90280442,0.409028044,0.786
Canada,40.18359249,0.401835925,0.937
Bulgaria,40.13077545,0.401307755,0.810
Myanmar,40.04479079,0.400447908,0.598
Cameroon,39.90883236,0.399088324,0.583
Gabon,39.86493361,0.398649336,0.709
Sudan,39.60313347,0.396031335,0.514
Ghana,39.52473405,0.395247341,0.631
Mali,39.34192686,0.393419269,0.433
Rwanda,39.23448403,0.39234484,0.534
Lebanon,38.99983124,0.389998312,0.745
Malawi,38.70654232,0.387065423,0.519
Kazakhstan,38.64493232,0.386449323,0.819
Haiti,38.19941901,0.38199419,0.543
Guinea,38.06100367,0.380610037,0.467
Burundi,37.69524004,0.3769524,0.431
Togo,37.31041453,0.373104145,0.535
Lithuania,36.85726815,0.368572682,0.884
Namibia,36.80911639,0.368091164,0.639
Bhutan,36.67282917,0.366728292,0.671
India,36.37213182,0.363721318,0.645
South Africa,36.20526477,0.362052648,0.736
Mauritania,34.66241836,0.346624184,0.563
Estonia,34.44290255,0.344429026,0.896
Zambia,34.41091087,0.344109109,0.575
United Arab Emirates,34.30856703,0.34308567,0.920
Latvia,34.14497266,0.341449727,0.871
Nigeria,34.13821364,0.341382136,0.538
Bahrain,33.5929738,0.335929738,0.882
Kuwait,33.32497187,0.333249719,0.839
Turkmenistan,32.95738249,0.329573825,0.742
Botswana,31.85112214,0.318511221,0.717
Luxembourg,31.72336953,0.317233695,0.927
Trinidad and Tobago,31.61280299,0.31612803,0.821
Chad,30.36278983,0.303627898,0.403
Afghanistan,29.40920321,0.294092032,0.488
Sierra Leone,29.01673937,0.290167394,0.480
Zimbabwe,28.64019133,0.286401913,0.601
Lesotho,27.30855036,0.273085504,0.524
Central African Republic,25.21146334,0.252114633,0.411
Mongolia,24.46703662,0.244670366,0.746
Qatar,24.32655376,0.243265538,0.859
